Fitness,Migration Rate,RCT - Invasion
0.6,0,0
0.6,0.005,0.003115
0.6,0.01,6.00E-05
0.6,0.015,1.50E-05
0.6,0.02,0
0.6,0.025,5.00E-06
0.6,0.03,0
0.6,0.035,0
0.6,0.04,1.00E-05
0.6,0.045,0
0.6,0.05,0
0.6,0.055,0
0.6,0.06,0
0.6,0.065,0
0.6,0.07,0
0.6,0.075,0
0.6,0.08,0
0.6,0.085,0
0.6,0.09,0
0.6,0.095,0
0.6,0.1,0
0.62,0,0
0.62,0.005,0.007735
0.62,0.01,0.00036
0.62,0.015,1.50E-05
0.62,0.02,5.00E-06
0.62,0.025,5.00E-06
0.62,0.03,0
0.62,0.035,1.00E-05
0.62,0.04,0
0.62,0.045,0
0.62,0.05,5.00E-06
0.62,0.055,0
0.62,0.06,0
0.62,0.065,0
0.62,0.07,0
0.62,0.075,0
0.62,0.08,0
0.62,0.085,0
0.62,0.09,0
0.62,0.095,0
0.62,0.1,0
0.64,0,0
0.64,0.005,0.00857
0.64,0.01,0.001685
0.64,0.015,0.00016
0.64,0.02,2.50E-05
0.64,0.025,0
0.64,0.03,0
0.64,0.035,5.00E-06
0.64,0.04,5.00E-06
0.64,0.045,0
0.64,0.05,0
0.64,0.055,0
0.64,0.06,0
0.64,0.065,0
0.64,0.07,0
0.64,0.075,0
0.64,0.08,0
0.64,0.085,0
0.64,0.09,0
0.64,0.095,5.00E-06
0.64,0.1,0
0.66,0,0
0.66,0.005,0.00985
0.66,0.01,0.009495
0.66,0.015,0.00053
0.66,0.02,3.00E-05
0.66,0.025,1.00E-05
0.66,0.03,1.50E-05
0.66,0.035,2.50E-05
0.66,0.04,5.00E-06
0.66,0.045,1.00E-05
0.66,0.05,5.00E-06
0.66,0.055,0
0.66,0.06,0
0.66,0.065,0
0.66,0.07,0
0.66,0.075,0
0.66,0.08,5.00E-06
0.66,0.085,0
0.66,0.09,0
0.66,0.095,5.00E-06
0.66,0.1,0
0.68,0,0
0.68,0.005,0.00934
0.68,0.01,0.014735
0.68,0.015,0.003345
0.68,0.02,0.00017
0.68,0.025,6.50E-05
0.68,0.03,5.00E-06
0.68,0.035,5.00E-06
0.68,0.04,5.00E-06
0.68,0.045,5.00E-06
0.68,0.05,0
0.68,0.055,5.00E-06
0.68,0.06,5.00E-06
0.68,0.065,1.00E-05
0.68,0.07,0
0.68,0.075,0
0.68,0.08,0
0.68,0.085,5.00E-06
0.68,0.09,0
0.68,0.095,0
0.68,0.1,0
0.7,0,0
0.7,0.005,0.01041
0.7,0.01,0.018255
0.7,0.015,0.008555
0.7,0.02,0.000715
0.7,0.025,0.00017
0.7,0.03,5.50E-05
0.7,0.035,2.00E-05
0.7,0.04,0
0.7,0.045,1.00E-05
0.7,0.05,0
0.7,0.055,0
0.7,0.06,1.50E-05
0.7,0.065,0
0.7,0.07,0
0.7,0.075,0
0.7,0.08,0
0.7,0.085,0
0.7,0.09,0
0.7,0.095,0
0.7,0.1,0
0.72,0,0
0.72,0.005,0.01056
0.72,0.01,0.01962
0.72,0.015,0.01853
0.72,0.02,0.00332
0.72,0.025,0.00046
0.72,0.03,9.50E-05
0.72,0.035,6.00E-05
0.72,0.04,1.00E-05
0.72,0.045,1.50E-05
0.72,0.05,5.00E-06
0.72,0.055,0
0.72,0.06,5.00E-06
0.72,0.065,1.00E-05
0.72,0.07,0
0.72,0.075,0
0.72,0.08,1.50E-05
0.72,0.085,0
0.72,0.09,5.00E-06
0.72,0.095,5.00E-06
0.72,0.1,0
0.74,0,0
0.74,0.005,0.010705
0.74,0.01,0.01985
0.74,0.015,0.02445
0.74,0.02,0.008315
0.74,0.025,0.001455
0.74,0.03,0.000225
0.74,0.035,0.00011
0.74,0.04,4.50E-05
0.74,0.045,5.00E-06
0.74,0.05,3.00E-05
0.74,0.055,2.00E-05
0.74,0.06,0
0.74,0.065,0
0.74,0.07,0
0.74,0.075,1.00E-05
0.74,0.08,0
0.74,0.085,5.00E-06
0.74,0.09,0
0.74,0.095,0
0.74,0.1,0
0.76,0,0
0.76,0.005,0.011885
0.76,0.01,0.02163
0.76,0.015,0.028935
0.76,0.02,0.02001
0.76,0.025,0.003215
0.76,0.03,0.000655
0.76,0.035,0.00014
0.76,0.04,1.00E-04
0.76,0.045,5.50E-05
0.76,0.05,3.50E-05
0.76,0.055,2.50E-05
0.76,0.06,5.00E-06
0.76,0.065,3.00E-05
0.76,0.07,1.50E-05
0.76,0.075,5.00E-06
0.76,0.08,1.00E-05
0.76,0.085,1.00E-05
0.76,0.09,1.00E-05
0.76,0.095,0
0.76,0.1,0
0.78,0,0
0.78,0.005,0.011165
0.78,0.01,0.022115
0.78,0.015,0.02981
0.78,0.02,0.030015
0.78,0.025,0.01243
0.78,0.03,0.00153
0.78,0.035,0.00045
0.78,0.04,0.00014
0.78,0.045,9.50E-05
0.78,0.05,3.50E-05
0.78,0.055,3.50E-05
0.78,0.06,2.00E-05
0.78,0.065,5.00E-06
0.78,0.07,0
0.78,0.075,1.50E-05
0.78,0.08,1.00E-05
0.78,0.085,5.00E-06
0.78,0.09,0
0.78,0.095,0
0.78,0.1,0
0.8,0,0
0.8,0.005,0.012285
0.8,0.01,0.021935
0.8,0.015,0.031555
0.8,0.02,0.0354
0.8,0.025,0.022825
0.8,0.03,0.00562
0.8,0.035,0.00119
0.8,0.04,0.00031
0.8,0.045,0.00017
0.8,0.05,6.50E-05
0.8,0.055,2.50E-05
0.8,0.06,3.50E-05
0.8,0.065,2.00E-05
0.8,0.07,2.00E-05
0.8,0.075,1.00E-05
0.8,0.08,2.50E-05
0.8,0.085,5.00E-06
0.8,0.09,5.00E-06
0.8,0.095,2.50E-05
0.8,0.1,1.50E-05
0.82,0,0
0.82,0.005,0.012335
0.82,0.01,0.02205
0.82,0.015,0.032475
0.82,0.02,0.03743
0.82,0.025,0.035225
0.82,0.03,0.016005
0.82,0.035,0.003445
0.82,0.04,0.000885
0.82,0.045,0.000355
0.82,0.05,1.00E-04
0.82,0.055,7.50E-05
0.82,0.06,5.50E-05
0.82,0.065,5.00E-05
0.82,0.07,4.00E-05
0.82,0.075,1.00E-05
0.82,0.08,2.50E-05
0.82,0.085,5.00E-06
0.82,0.09,3.50E-05
0.82,0.095,0
0.82,0.1,2.00E-05
0.84,0,0
0.84,0.005,0.01258
0.84,0.01,0.02452
0.84,0.015,0.035095
0.84,0.02,0.041325
0.84,0.025,0.043095
0.84,0.03,0.0289
0.84,0.035,0.01069
0.84,0.04,0.002265
0.84,0.045,0.000795
0.84,0.05,0.0003
0.84,0.055,0.0002
0.84,0.06,6.00E-05
0.84,0.065,7.50E-05
0.84,0.07,8.50E-05
0.84,0.075,7.00E-05
0.84,0.08,2.50E-05
0.84,0.085,2.50E-05
0.84,0.09,2.50E-05
0.84,0.095,2.00E-05
0.84,0.1,1.00E-05
0.86,0,0
0.86,0.005,0.01216
0.86,0.01,0.025305
0.86,0.015,0.035875
0.86,0.02,0.04474
0.86,0.025,0.047555
0.86,0.03,0.039885
0.86,0.035,0.02019
0.86,0.04,0.005635
0.86,0.045,0.00194
0.86,0.05,0.000695
0.86,0.055,0.000335
0.86,0.06,0.00013
0.86,0.065,8.00E-05
0.86,0.07,5.00E-05
0.86,0.075,2.50E-05
0.86,0.08,3.00E-05
0.86,0.085,2.00E-05
0.86,0.09,1.50E-05
0.86,0.095,2.00E-05
0.86,0.1,5.00E-06
0.88,0,0
0.88,0.005,0.01346
0.88,0.01,0.02518
0.88,0.015,0.037625
0.88,0.02,0.047795
0.88,0.025,0.053995
0.88,0.03,0.05077
0.88,0.035,0.039255
0.88,0.04,0.01389
0.88,0.045,0.0043
0.88,0.05,0.001565
0.88,0.055,0.000705
0.88,0.06,0.000425
0.88,0.065,0.00023
0.88,0.07,0.000125
0.88,0.075,9.50E-05
0.88,0.08,6.50E-05
0.88,0.085,4.50E-05
0.88,0.09,6.00E-05
0.88,0.095,4.00E-05
0.88,0.1,6.00E-05
0.9,0,0
0.9,0.005,0.01273
0.9,0.01,0.025765
0.9,0.015,0.038225
0.9,0.02,0.048915
0.9,0.025,0.05821
0.9,0.03,0.06007
0.9,0.035,0.05061
0.9,0.04,0.029025
0.9,0.045,0.009615
0.9,0.05,0.003955
0.9,0.055,0.001585
0.9,0.06,0.000825
0.9,0.065,0.000465
0.9,0.07,0.00022
0.9,0.075,0.000265
0.9,0.08,9.50E-05
0.9,0.085,0.000145
0.9,0.09,5.50E-05
0.9,0.095,5.50E-05
0.9,0.1,6.00E-05
0.92,0,0
0.92,0.005,0.01336
0.92,0.01,0.027395
0.92,0.015,0.03973
0.92,0.02,0.05334
0.92,0.025,0.059275
0.92,0.03,0.0669
0.92,0.035,0.06517
0.92,0.04,0.05287
0.92,0.045,0.02462
0.92,0.05,0.010645
0.92,0.055,0.00331
0.92,0.06,0.001505
0.92,0.065,0.000855
0.92,0.07,0.000505
0.92,0.075,0.00019
0.92,0.08,0.00018
0.92,0.085,0.00018
0.92,0.09,5.50E-05
0.92,0.095,0.000115
0.92,0.1,0.00011
0.94,0,0
0.94,0.005,0.01321
0.94,0.01,0.02801
0.94,0.015,0.04143
0.94,0.02,0.053915
0.94,0.025,0.06425
0.94,0.03,0.07359
0.94,0.035,0.07393
0.94,0.04,0.067065
0.94,0.045,0.046605
0.94,0.05,0.021805
0.94,0.055,0.008595
0.94,0.06,0.003685
0.94,0.065,0.00158
0.94,0.07,0.000855
0.94,0.075,0.000635
0.94,0.08,0.00027
0.94,0.085,0.000215
0.94,0.09,0.00015
0.94,0.095,0.000175
0.94,0.1,8.00E-05
0.96,0,0
0.96,0.005,0.014415
0.96,0.01,0.028485
0.96,0.015,0.041795
0.96,0.02,0.055995
0.96,0.025,0.068125
0.96,0.03,0.0793
0.96,0.035,0.0867
0.96,0.04,0.08273
0.96,0.045,0.06688
0.96,0.05,0.04452
0.96,0.055,0.019755
0.96,0.06,0.00797
0.96,0.065,0.003785
0.96,0.07,0.00164
0.96,0.075,0.001025
0.96,0.08,0.00055
0.96,0.085,0.000445
0.96,0.09,0.00027
0.96,0.095,0.00018
0.96,0.1,0.00022
0.98,0,0
0.98,0.005,0.01468
0.98,0.01,0.03027
0.98,0.015,0.0436
0.98,0.02,0.05729
0.98,0.025,0.06995
0.98,0.03,0.082815
0.98,0.035,0.090665
0.98,0.04,0.09875
0.98,0.045,0.089545
0.98,0.05,0.068385
0.98,0.055,0.039185
0.98,0.06,0.01759
0.98,0.065,0.00852
0.98,0.07,0.00458
0.98,0.075,0.002185
0.98,0.08,0.0013
0.98,0.085,0.00089
0.98,0.09,0.00062
0.98,0.095,0.00049
0.98,0.1,0.00028
1,0,0
1,0.005,0.015465
1,0.01,0.030245
1,0.015,0.04465
1,0.02,0.06116
1,0.025,0.075145
1,0.03,0.088015
1,0.035,0.10115
1,0.04,0.108885
1,0.045,0.105935
1,0.05,0.09156
1,0.055,0.0679
1,0.06,0.041435
1,0.065,0.020105
1,0.07,0.009615
1,0.075,0.004625
1,0.08,0.002245
1,0.085,0.00152
1,0.09,0.00117
1,0.095,0.0007
1,0.1,0.000565
